Influencer,Email,Platform,Channel,Message Generated,Sent,Date,Status,Collaboration Angle,Detail
Victoria Stone,N/A (Social DM),YouTube,Social DM,Yes,Yes,2026-10-02 11:24:03,DISPATCHED_SIMULATED,Direct Message,Queued for operator copy-paste to https://youtube.com/@victoriastoneglow
Gabriel Santos,N/A (Social DM),TikTok,Social DM,Yes,Yes,2026-10-02 11:24:03,DISPATCHED_SIMULATED,Direct Message,Queued for operator copy-paste to https://tiktok.com/@gabrielsantosfits
Emma Watson-Cole,N/A (Social DM),Instagram,Social DM,Yes,Yes,2026-10-02 11:24:03,DISPATCHED_SIMULATED,Direct Message,Queued for operator copy-paste to https://instagram.com/emmacolebeauty
Serena Joy,N/A (Social DM),TikTok,Social DM,Yes,Yes,2026-10-02 11:24:03,DISPATCHED_SIMULATED,Direct Message,Queued for operator copy-paste to https://tiktok.com/@serenaglowroutine
Leo Fontaine,N/A (Social DM),Instagram,Social DM,Yes,Yes,2026-10-02 11:24:03,DISPATCHED_SIMULATED,Direct Message,Queued for operator copy-paste to https://instagram.com/leofontainestyle
Kelsey Adams,N/A (Social DM),YouTube,Social DM,Yes,Yes,2026-10-02 11:24:03,DISPATCHED_SIMULATED,Direct Message,Queued for operator copy-paste to https://youtube.com/@kelseyadamshair
Zara Al-Hassan,N/A (Social DM),TikTok,Social DM,Yes,Yes,2026-10-02 11:24:03,DISPATCHED_SIMULATED,Direct Message,Queued for operator copy-paste to https://tiktok.com/@zaraskinsecrets
Julian Mercer,N/A (Social DM),Instagram,Social DM,Yes,Yes,2026-10-02 11:24:03,DISPATCHED_SIMULATED,Direct Message,Queued for operator copy-paste to https://instagram.com/julianmercer
Chloe Chen-Wu,N/A (Social DM),Instagram,Social DM,Yes,Yes,2026-10-02 11:24:03,DISPATCHED_SIMULATED,Direct Message,Queued for operator copy-paste to https://instagram.com/chloechenbeauty
Ruby Thorne,N/A (Social DM),YouTube,Social DM,Yes,Yes,2026-10-02 11:24:03,DISPATCHED_SIMULATED,Direct Message,Queued for operator copy-paste to https://youtube.com/@rubythornemakeup
Ben Carter,N/A (Social DM),TikTok,Social DM,Yes,Yes,2026-10-02 11:24:03,DISPATCHED_SIMULATED,Direct Message,Queued for operator copy-paste to https://tiktok.com/@bencarterstyle
Amina Diop,N/A (Social DM),Instagram,Social DM,Yes,Yes,2026-10-02 11:24:03,DISPATCHED_SIMULATED,Direct Message,Queued for operator copy-paste to https://instagram.com/aminadiopglow
Harper Quinn,N/A (Social DM),TikTok,Social DM,Yes,Yes,2026-10-02 11:24:03,DISPATCHED_SIMULATED,Direct Message,Queued for operator copy-paste to https://tiktok.com/@harperquinnstyle
Elijah Banks,N/A (Social DM),YouTube,Social DM,Yes,Yes,2026-10-02 11:24:03,DISPATCHED_SIMULATED,Direct Message,Queued for operator copy-paste to https://youtube.com/@elijahbanksskin
Nora Lindholm,N/A (Social DM),Instagram,Social DM,Yes,Yes,2026-10-02 11:24:03,DISPATCHED_SIMULATED,Direct Message,Queued for operator copy-paste to https://instagram.com/noralindholm
Zion Taylor,N/A (Social DM),Instagram,Social DM,Yes,Yes,2026-10-02 11:24:03,DISPATCHED_SIMULATED,Direct Message,Queued for operator copy-paste to https://instagram.com/ziontaylorglow
Isla MacLeod,N/A (Social DM),TikTok,Social DM,Yes,Yes,2026-10-02 11:24:03,DISPATCHED_SIMULATED,Direct Message,Queued for operator copy-paste to https://tiktok.com/@islascleanbeauty
Mateo Silva,N/A (Social DM),Instagram,Social DM,Yes,Yes,2026-10-02 11:24:03,DISPATCHED_SIMULATED,Direct Message,Queued for operator copy-paste to https://instagram.com/mateosilvastyle
Tessa Wright,N/A (Social DM),YouTube,Social DM,Yes,Yes,2026-10-02 11:24:03,DISPATCHED_SIMULATED,Direct Message,Queued for operator copy-paste to https://youtube.com/@tessawrightstyle
Samira Khan,N/A (Social DM),TikTok,Social DM,Yes,Yes,2026-10-02 11:24:03,DISPATCHED_SIMULATED,Direct Message,Queued for operator copy-paste to https://tiktok.com/@samiraskincorrect
Giselle Laurent,N/A (Social DM),Instagram,Social DM,Yes,Yes,2026-10-02 11:24:03,DISPATCHED_SIMULATED,Direct Message,Queued for operator copy-paste to https://instagram.com/gisellelaurent
Klaus Vane,N/A (Social DM),Instagram,Social DM,Yes,Yes,2026-10-02 11:24:03,DISPATCHED_SIMULATED,Direct Message,Queued for operator copy-paste to https://instagram.com/klaus.minimal
Danielle Green,N/A (Social DM),YouTube,Social DM,Yes,Yes,2026-10-02 11:24:03,DISPATCHED_SIMULATED,Direct Message,Queued for operator copy-paste to https://youtube.com/@daniellegreenhair
Zara Vance,N/A (Social DM),TikTok,Social DM,Yes,Yes,2026-10-02 11:24:03,DISPATCHED_SIMULATED,Direct Message,Queued for operator copy-paste to https://tiktok.com/@zaraglows
Aria Montgomery,N/A (Social DM),Instagram,Social DM,Yes,Yes,2026-10-02 11:24:03,DISPATCHED_SIMULATED,Direct Message,Queued for operator copy-paste to https://instagram.com/ariamontgstyle
Noah Sterling,N/A (Social DM),TikTok,Social DM,Yes,Yes,2026-10-02 11:24:03,DISPATCHED_SIMULATED,Direct Message,Queued for operator copy-paste to https://tiktok.com/@noahsterlingskin
Leila Kassam,N/A (Social DM),YouTube,Social DM,Yes,Yes,2026-10-02 11:24:03,DISPATCHED_SIMULATED,Direct Message,Queued for operator copy-paste to https://youtube.com/@leilaskinstories
Sienna Miller-Reid,N/A (Social DM),Instagram,Social DM,Yes,Yes,2026-10-02 11:24:03,DISPATCHED_SIMULATED,Direct Message,Queued for operator copy-paste to https://instagram.com/siennabeautyedit
Tariq Edwards,N/A (Social DM),TikTok,Social DM,Yes,Yes,2026-10-02 11:24:03,DISPATCHED_SIMULATED,Direct Message,Queued for operator copy-paste to https://tiktok.com/@tariqfits
Mia Lind,N/A (Social DM),Instagram,Social DM,Yes,Yes,2026-10-02 11:24:03,DISPATCHED_SIMULATED,Direct Message,Queued for operator copy-paste to https://instagram.com/mialindbeauty
Destiny Brooks,N/A (Social DM),Instagram,Social DM,Yes,Yes,2026-10-02 11:24:03,DISPATCHED_SIMULATED,Direct Message,Queued for operator copy-paste to https://instagram.com/curlsbydestiny
Yuki Tanaka,N/A (Social DM),TikTok,Social DM,Yes,Yes,2026-10-02 11:24:03,DISPATCHED_SIMULATED,Direct Message,Queued for operator copy-paste to https://tiktok.com/@yukiglowstokyo
Marcus Aurel,N/A (Social DM),Instagram,Social DM,Yes,Yes,2026-10-02 11:24:03,DISPATCHED_SIMULATED,Direct Message,Queued for operator copy-paste to https://instagram.com/marcusaurel_barber
Clara Dupont,N/A (Social DM),Instagram,Social DM,Yes,Yes,2026-10-02 11:24:03,DISPATCHED_SIMULATED,Direct Message,Queued for operator copy-paste to https://instagram.com/claradupont_paris
Becca Davies,N/A (Social DM),YouTube,Social DM,Yes,Yes,2026-10-02 11:24:03,DISPATCHED_SIMULATED,Direct Message,Queued for operator copy-paste to https://youtube.com/@beccasglowroom
Lucas Rossi,N/A (Social DM),TikTok,Social DM,Yes,Yes,2026-10-02 11:24:03,DISPATCHED_SIMULATED,Direct Message,Queued for operator copy-paste to https://tiktok.com/@lucasrossistyle
Amira Al-Mansoor,N/A (Social DM),Instagram,Social DM,Yes,Yes,2026-10-02 11:24:03,DISPATCHED_SIMULATED,Direct Message,Queued for operator copy-paste to https://instagram.com/amira_modestlooks
Taylor Morgan,N/A (Social DM),Instagram,Social DM,Yes,Yes,2026-10-02 11:24:03,DISPATCHED_SIMULATED,Direct Message,Queued for operator copy-paste to https://instagram.com/taylormorganglow
Kiran Patel,N/A (Social DM),TikTok,Social DM,Yes,Yes,2026-10-02 11:24:03,DISPATCHED_SIMULATED,Direct Message,Queued for operator copy-paste to https://tiktok.com/@kiranwellness
Freja Lindqvist,N/A (Social DM),Instagram,Social DM,Yes,Yes,2026-10-02 11:24:03,DISPATCHED_SIMULATED,Direct Message,Queued for operator copy-paste to https://instagram.com/frejalind_style
Jessica Chen,N/A (Social DM),YouTube,Social DM,Yes,Yes,2026-10-02 11:24:03,DISPATCHED_SIMULATED,Direct Message,Queued for operator copy-paste to https://youtube.com/@jessicachenglow
Oliver King,N/A (Social DM),TikTok,Social DM,Yes,Yes,2026-10-02 11:24:03,DISPATCHED_SIMULATED,Direct Message,Queued for operator copy-paste to https://tiktok.com/@oliverfits
Ananya Sen,N/A (Social DM),Instagram,Social DM,Yes,Yes,2026-10-02 11:24:03,DISPATCHED_SIMULATED,Direct Message,Queued for operator copy-paste to https://instagram.com/ananyamakeup_art
Zoe Kravitz-Fox,N/A (Social DM),TikTok,Social DM,Yes,Yes,2026-10-02 11:24:03,DISPATCHED_SIMULATED,Direct Message,Queued for operator copy-paste to https://tiktok.com/@zoeskinjournal
Camila Torres,N/A (Social DM),Instagram,Social DM,Yes,Yes,2026-10-02 11:24:03,DISPATCHED_SIMULATED,Direct Message,Queued for operator copy-paste to https://instagram.com/camilastyleinspo
Nadia Osei,N/A (Social DM),YouTube,Social DM,Yes,Yes,2026-10-02 11:24:03,DISPATCHED_SIMULATED,Direct Message,Queued for operator copy-paste to https://youtube.com/@nadiaskindiaries
Hannah Brooks,N/A (Social DM),Instagram,Social DM,Yes,Yes,2026-10-02 11:24:03,DISPATCHED_SIMULATED,Direct Message,Queued for operator copy-paste to https://instagram.com/hannahbstyle
Liam Bennett,N/A (Social DM),TikTok,Social DM,Yes,Yes,2026-10-02 11:24:03,DISPATCHED_SIMULATED,Direct Message,Queued for operator copy-paste to https://tiktok.com/@liamgroomed
Sofia Alvarez,N/A (Social DM),Instagram,Social DM,Yes,Yes,2026-10-02 11:24:03,DISPATCHED_SIMULATED,Direct Message,Queued for operator copy-paste to https://instagram.com/sofia.curates
Priya Sharma,N/A (Social DM),YouTube,Social DM,Yes,Yes,2026-10-02 11:24:03,DISPATCHED_SIMULATED,Direct Message,Queued for operator copy-paste to https://youtube.com/@priyabeautylab
Elena Rostova,N/A (Social DM),Instagram,Social DM,Yes,Yes,2026-10-02 11:24:03,DISPATCHED_SIMULATED,Direct Message,Queued for operator copy-paste to https://instagram.com/elenarostovastyle
Chloe Vance,N/A (Social DM),TikTok,Social DM,Yes,Yes,2026-10-02 11:24:03,DISPATCHED_SIMULATED,Direct Message,Queued for operator copy-paste to https://tiktok.com/@chloevancebeauty
Maya Lin,N/A (Social DM),Instagram,Social DM,Yes,Yes,2026-10-02 11:24:03,DISPATCHED_SIMULATED,Direct Message,Queued for operator copy-paste to https://instagram.com/mayaglows
Victoria Stone,partnerships@victoriastone.com,YouTube,Email,Yes,No,2026-10-02 11:24:03,SKIPPED: Duplicate prevented: partnerships@victoriastone.com was already contacted,Dedicated long-form video review & tutorial,SKIPPED: Duplicate prevented: partnerships@victoriastone.com was already contacted
Gabriel Santos,gabriel.collab@gmail.com,TikTok,Email,Yes,No,2026-10-02 11:24:03,SKIPPED: Duplicate prevented: gabriel.collab@gmail.com was already contacted,UGC short-form video & product reaction,SKIPPED: Duplicate prevented: gabriel.collab@gmail.com was already contacted
Emma Watson-Cole,emma@colecreative.co.uk,Instagram,Email,Yes,No,2026-10-02 11:24:03,SKIPPED: Duplicate prevented: emma@colecreative.co.uk was already contacted,Brand ambassador & affiliate collaboration,SKIPPED: Duplicate prevented: emma@colecreative.co.uk was already contacted
Serena Joy,serenajoy.collabs@gmail.com,TikTok,Email,Yes,No,2026-10-02 11:24:03,SKIPPED: Duplicate prevented: serenajoy.collabs@gmail.com was already contacted,UGC short-form video & product reaction,SKIPPED: Duplicate prevented: serenajoy.collabs@gmail.com was already contacted
Leo Fontaine,leo@fontaineparis.com,Instagram,Email,Yes,No,2026-10-02 11:24:03,SKIPPED: Duplicate prevented: leo@fontaineparis.com was already contacted,Brand ambassador & affiliate collaboration,SKIPPED: Duplicate prevented: leo@fontaineparis.com was already contacted
Kelsey Adams,kelseyadams.partnerships@gmail.com,YouTube,Email,Yes,No,2026-10-02 11:24:03,SKIPPED: Duplicate prevented: kelseyadams.partnerships@gmail.com was already contacted,Dedicated long-form video review & tutorial,SKIPPED: Duplicate prevented: kelseyadams.partnerships@gmail.com was already contacted
Zara Al-Hassan,contact@zaraskinsecrets.com,TikTok,Email,Yes,No,2026-10-02 11:24:03,SKIPPED: Duplicate prevented: contact@zaraskinsecrets.com was already contacted,UGC short-form video & product reaction,SKIPPED: Duplicate prevented: contact@zaraskinsecrets.com was already contacted
Julian Mercer,julian.mercer.collab@gmail.com,Instagram,Email,Yes,No,2026-10-02 11:24:03,SKIPPED: Duplicate prevented: julian.mercer.collab@gmail.com was already contacted,Brand ambassador & affiliate collaboration,SKIPPED: Duplicate prevented: julian.mercer.collab@gmail.com was already contacted
Chloe Chen-Wu,Not Found,Instagram,Email,Yes,No,2026-10-02 11:24:03,SKIPPED: Invalid or missing email address (marked Not Found),Brand ambassador & affiliate collaboration,SKIPPED: Invalid or missing email address (marked Not Found)
Ruby Thorne,collabs@rubythorne.co.uk,YouTube,Email,Yes,No,2026-10-02 11:24:03,SKIPPED: Duplicate prevented: collabs@rubythorne.co.uk was already contacted,Dedicated long-form video review & tutorial,SKIPPED: Duplicate prevented: collabs@rubythorne.co.uk was already contacted
Ben Carter,bencarter.partnerships@gmail.com,TikTok,Email,Yes,No,2026-10-02 11:24:03,SKIPPED: Duplicate prevented: bencarter.partnerships@gmail.com was already contacted,UGC short-form video & product reaction,SKIPPED: Duplicate prevented: bencarter.partnerships@gmail.com was already contacted
Amina Diop,amina@diopagency.com,Instagram,Email,Yes,No,2026-10-02 11:24:03,SKIPPED: Duplicate prevented: amina@diopagency.com was already contacted,Brand ambassador & affiliate collaboration,SKIPPED: Duplicate prevented: amina@diopagency.com was already contacted
Harper Quinn,harper@quinncreative.com,TikTok,Email,Yes,No,2026-10-02 11:24:03,SKIPPED: Duplicate prevented: harper@quinncreative.com was already contacted,UGC short-form video & product reaction,SKIPPED: Duplicate prevented: harper@quinncreative.com was already contacted
Elijah Banks,elijahbanks.biz@gmail.com,YouTube,Email,Yes,No,2026-10-02 11:24:03,SKIPPED: Duplicate prevented: elijahbanks.biz@gmail.com was already contacted,Dedicated long-form video review & tutorial,SKIPPED: Duplicate prevented: elijahbanks.biz@gmail.com was already contacted
Nora Lindholm,nora@lindholmpr.no,Instagram,Email,Yes,No,2026-10-02 11:24:03,SKIPPED: Duplicate prevented: nora@lindholmpr.no was already contacted,Brand ambassador & affiliate collaboration,SKIPPED: Duplicate prevented: nora@lindholmpr.no was already contacted
Zion Taylor,ziontaylorglow@outlook.com,Instagram,Email,Yes,No,2026-10-02 11:24:03,SKIPPED: Duplicate prevented: ziontaylorglow@outlook.com was already contacted,Brand ambassador & affiliate collaboration,SKIPPED: Duplicate prevented: ziontaylorglow@outlook.com was already contacted
Isla MacLeod,isla.cleanbeauty@gmail.com,TikTok,Email,Yes,No,2026-10-02 11:24:03,SKIPPED: Duplicate prevented: isla.cleanbeauty@gmail.com was already contacted,UGC short-form video & product reaction,SKIPPED: Duplicate prevented: isla.cleanbeauty@gmail.com was already contacted
Mateo Silva,collabs@mateosilva.es,Instagram,Email,Yes,No,2026-10-02 11:24:03,SKIPPED: Duplicate prevented: collabs@mateosilva.es was already contacted,Brand ambassador & affiliate collaboration,SKIPPED: Duplicate prevented: collabs@mateosilva.es was already contacted
Tessa Wright,tessa@tessawrightstyle.com,YouTube,Email,Yes,No,2026-10-02 11:24:03,SKIPPED: Duplicate prevented: tessa@tessawrightstyle.com was already contacted,Dedicated long-form video review & tutorial,SKIPPED: Duplicate prevented: tessa@tessawrightstyle.com was already contacted
Samira Khan,collabs.samirakhan@gmail.com,TikTok,Email,Yes,No,2026-10-02 11:24:03,SKIPPED: Duplicate prevented: collabs.samirakhan@gmail.com was already contacted,UGC short-form video & product reaction,SKIPPED: Duplicate prevented: collabs.samirakhan@gmail.com was already contacted
Giselle Laurent,giselle.mgmt@laurentpr.fr,Instagram,Email,Yes,No,2026-10-02 11:24:03,SKIPPED: Duplicate prevented: giselle.mgmt@laurentpr.fr was already contacted,Brand ambassador & affiliate collaboration,SKIPPED: Duplicate prevented: giselle.mgmt@laurentpr.fr was already contacted
Klaus Vane,klaus@vaneagency.de,Instagram,Email,Yes,No,2026-10-02 11:24:03,SKIPPED: Duplicate prevented: klaus@vaneagency.de was already contacted,Styling haul & seasonal lookbook integration,SKIPPED: Duplicate prevented: klaus@vaneagency.de was already contacted
Danielle Green,danielle@daniellegreenhair.com,YouTube,Email,Yes,No,2026-10-02 11:24:03,SKIPPED: Duplicate prevented: danielle@daniellegreenhair.com was already contacted,Dedicated long-form video review & tutorial,SKIPPED: Duplicate prevented: danielle@daniellegreenhair.com was already contacted
Zara Vance,Not Found,TikTok,Email,Yes,No,2026-10-02 11:24:03,SKIPPED: Invalid or missing email address (marked Not Found),UGC short-form video & product reaction,SKIPPED: Invalid or missing email address (marked Not Found)
Aria Montgomery,aria@montgomerystyle.com,Instagram,Email,Yes,No,2026-10-02 11:24:03,SKIPPED: Duplicate prevented: aria@montgomerystyle.com was already contacted,Brand ambassador & affiliate collaboration,SKIPPED: Duplicate prevented: aria@montgomerystyle.com was already contacted
Noah Sterling,noahsterling.collabs@gmail.com,TikTok,Email,Yes,No,2026-10-02 11:24:03,SKIPPED: Duplicate prevented: noahsterling.collabs@gmail.com was already contacted,UGC short-form video & product reaction,SKIPPED: Duplicate prevented: noahsterling.collabs@gmail.com was already contacted
Leila Kassam,leilakassam.collab@gmail.com,YouTube,Email,Yes,No,2026-10-02 11:24:03,SKIPPED: Duplicate prevented: leilakassam.collab@gmail.com was already contacted,Dedicated long-form video review & tutorial,SKIPPED: Duplicate prevented: leilakassam.collab@gmail.com was already contacted
Sienna Miller-Reid,sienna.edit@gmail.com,Instagram,Email,Yes,No,2026-10-02 11:24:03,SKIPPED: Duplicate prevented: sienna.edit@gmail.com was already contacted,Brand ambassador & affiliate collaboration,SKIPPED: Duplicate prevented: sienna.edit@gmail.com was already contacted
Tariq Edwards,tariq.mgmt@gmail.com,TikTok,Email,Yes,No,2026-10-02 11:24:03,SKIPPED: Duplicate prevented: tariq.mgmt@gmail.com was already contacted,UGC short-form video & product reaction,SKIPPED: Duplicate prevented: tariq.mgmt@gmail.com was already contacted
Mia Lind,Not Found,Instagram,Email,Yes,No,2026-10-02 11:24:03,SKIPPED: Invalid or missing email address (marked Not Found),Brand ambassador & affiliate collaboration,SKIPPED: Invalid or missing email address (marked Not Found)
Destiny Brooks,destiny@curlsbydestiny.com,Instagram,Email,Yes,No,2026-10-02 11:24:03,SKIPPED: Duplicate prevented: destiny@curlsbydestiny.com was already contacted,Brand ambassador & affiliate collaboration,SKIPPED: Duplicate prevented: destiny@curlsbydestiny.com was already contacted
Yuki Tanaka,yuki.creativetokyo@gmail.com,TikTok,Email,Yes,No,2026-10-02 11:24:03,SKIPPED: Duplicate prevented: yuki.creativetokyo@gmail.com was already contacted,UGC short-form video & product reaction,SKIPPED: Duplicate prevented: yuki.creativetokyo@gmail.com was already contacted
Marcus Aurel,collab@marcusaurel.com,Instagram,Email,Yes,No,2026-10-02 11:24:03,SKIPPED: Duplicate prevented: collab@marcusaurel.com was already contacted,Brand ambassador & affiliate collaboration,SKIPPED: Duplicate prevented: collab@marcusaurel.com was already contacted
Clara Dupont,clara.dupont.contact@gmail.com,Instagram,Email,Yes,No,2026-10-02 11:24:03,SKIPPED: Duplicate prevented: clara.dupont.contact@gmail.com was already contacted,Brand ambassador & affiliate collaboration,SKIPPED: Duplicate prevented: clara.dupont.contact@gmail.com was already contacted
Becca Davies,becca@beccasglowroom.co.uk,YouTube,Email,Yes,No,2026-10-02 11:24:03,SKIPPED: Duplicate prevented: becca@beccasglowroom.co.uk was already contacted,Dedicated long-form video review & tutorial,SKIPPED: Duplicate prevented: becca@beccasglowroom.co.uk was already contacted
Lucas Rossi,lucas@rossistyle.it,TikTok,Email,Yes,No,2026-10-02 11:24:03,SKIPPED: Duplicate prevented: lucas@rossistyle.it was already contacted,UGC short-form video & product reaction,SKIPPED: Duplicate prevented: lucas@rossistyle.it was already contacted
Amira Al-Mansoor,amira.collabs@outlook.com,Instagram,Email,Yes,No,2026-10-02 11:24:03,SKIPPED: Duplicate prevented: amira.collabs@outlook.com was already contacted,Styling haul & seasonal lookbook integration,SKIPPED: Duplicate prevented: amira.collabs@outlook.com was already contacted
Taylor Morgan,taylor@taylormorganglow.com,Instagram,Email,Yes,No,2026-10-02 11:24:03,SKIPPED: Duplicate prevented: taylor@taylormorganglow.com was already contacted,30-day glow routine sponsorship & before/after,SKIPPED: Duplicate prevented: taylor@taylormorganglow.com was already contacted
Kiran Patel,kiranwellness@gmail.com,TikTok,Email,Yes,No,2026-10-02 11:24:03,SKIPPED: Duplicate prevented: kiranwellness@gmail.com was already contacted,UGC short-form video & product reaction,SKIPPED: Duplicate prevented: kiranwellness@gmail.com was already contacted
Freja Lindqvist,freja@lindqvistcreative.se,Instagram,Email,Yes,No,2026-10-02 11:24:03,SKIPPED: Duplicate prevented: freja@lindqvistcreative.se was already contacted,Brand ambassador & affiliate collaboration,SKIPPED: Duplicate prevented: freja@lindqvistcreative.se was already contacted
Jessica Chen,jessica@glowcreators.com,YouTube,Email,Yes,No,2026-10-02 11:24:03,SKIPPED: Duplicate prevented: jessica@glowcreators.com was already contacted,Dedicated long-form video review & tutorial,SKIPPED: Duplicate prevented: jessica@glowcreators.com was already contacted
Oliver King,oliverfits.collab@gmail.com,TikTok,Email,Yes,No,2026-10-02 11:24:03,SKIPPED: Duplicate prevented: oliverfits.collab@gmail.com was already contacted,UGC short-form video & product reaction,SKIPPED: Duplicate prevented: oliverfits.collab@gmail.com was already contacted
Ananya Sen,ananya.sen.mua@gmail.com,Instagram,Email,Yes,No,2026-10-02 11:24:03,SKIPPED: Duplicate prevented: ananya.sen.mua@gmail.com was already contacted,Brand ambassador & affiliate collaboration,SKIPPED: Duplicate prevented: ananya.sen.mua@gmail.com was already contacted
Zoe Kravitz-Fox,zoe@skinjournaltalent.com,TikTok,Email,Yes,No,2026-10-02 11:24:03,SKIPPED: Duplicate prevented: zoe@skinjournaltalent.com was already contacted,UGC short-form video & product reaction,SKIPPED: Duplicate prevented: zoe@skinjournaltalent.com was already contacted
Camila Torres,camila.partnerships@gmail.com,Instagram,Email,Yes,No,2026-10-02 11:24:03,SKIPPED: Duplicate prevented: camila.partnerships@gmail.com was already contacted,Styling haul & seasonal lookbook integration,SKIPPED: Duplicate prevented: camila.partnerships@gmail.com was already contacted
Nadia Osei,contact.nadiaosei@gmail.com,YouTube,Email,Yes,No,2026-10-02 11:24:03,SKIPPED: Duplicate prevented: contact.nadiaosei@gmail.com was already contacted,Dedicated long-form video review & tutorial,SKIPPED: Duplicate prevented: contact.nadiaosei@gmail.com was already contacted
Hannah Brooks,hannahbrooksmgmt@gmail.com,Instagram,Email,Yes,No,2026-10-02 11:24:03,SKIPPED: Duplicate prevented: hannahbrooksmgmt@gmail.com was already contacted,Styling haul & seasonal lookbook integration,SKIPPED: Duplicate prevented: hannahbrooksmgmt@gmail.com was already contacted
Liam Bennett,liam@groomedcreators.io,TikTok,Email,Yes,No,2026-10-02 11:24:03,SKIPPED: Duplicate prevented: liam@groomedcreators.io was already contacted,UGC short-form video & product reaction,SKIPPED: Duplicate prevented: liam@groomedcreators.io was already contacted
Sofia Alvarez,sofia.alvarez.pr@gmail.com,Instagram,Email,Yes,No,2026-10-02 11:24:03,SKIPPED: Duplicate prevented: sofia.alvarez.pr@gmail.com was already contacted,Brand ambassador & affiliate collaboration,SKIPPED: Duplicate prevented: sofia.alvarez.pr@gmail.com was already contacted
Priya Sharma,priya.collabs@outlook.com,YouTube,Email,Yes,No,2026-10-02 11:24:03,SKIPPED: Duplicate prevented: priya.collabs@outlook.com was already contacted,Dedicated long-form video review & tutorial,SKIPPED: Duplicate prevented: priya.collabs@outlook.com was already contacted
Elena Rostova,contact@elenastyle.co,Instagram,Email,Yes,No,2026-10-02 11:24:03,SKIPPED: Duplicate prevented: contact@elenastyle.co was already contacted,Styling haul & seasonal lookbook integration,SKIPPED: Duplicate prevented: contact@elenastyle.co was already contacted
Chloe Vance,chloevance.mgmt@gmail.com,TikTok,Email,Yes,No,2026-10-02 11:24:03,SKIPPED: Duplicate prevented: chloevance.mgmt@gmail.com was already contacted,UGC short-form video & product reaction,SKIPPED: Duplicate prevented: chloevance.mgmt@gmail.com was already contacted
Maya Lin,partnerships.maya@gmail.com,Instagram,Email,Yes,No,2026-10-02 11:24:03,SKIPPED: Duplicate prevented: partnerships.maya@gmail.com was already contacted,30-day glow routine sponsorship & before/after,SKIPPED: Duplicate prevented: partnerships.maya@gmail.com was already contacted
Victoria Stone,N/A (Social DM),YouTube,Social DM,Yes,Yes,2026-10-02 11:21:26,DISPATCHED_SIMULATED,Direct Message,Queued for operator copy-paste to https://youtube.com/@victoriastoneglow
Gabriel Santos,N/A (Social DM),TikTok,Social DM,Yes,Yes,2026-10-02 11:21:26,DISPATCHED_SIMULATED,Direct Message,Queued for operator copy-paste to https://tiktok.com/@gabrielsantosfits
Emma Watson-Cole,N/A (Social DM),Instagram,Social DM,Yes,Yes,2026-10-02 11:21:26,DISPATCHED_SIMULATED,Direct Message,Queued for operator copy-paste to https://instagram.com/emmacolebeauty
Serena Joy,N/A (Social DM),TikTok,Social DM,Yes,Yes,2026-10-02 11:21:26,DISPATCHED_SIMULATED,Direct Message,Queued for operator copy-paste to https://tiktok.com/@serenaglowroutine
Leo Fontaine,N/A (Social DM),Instagram,Social DM,Yes,Yes,2026-10-02 11:21:26,DISPATCHED_SIMULATED,Direct Message,Queued for operator copy-paste to https://instagram.com/leofontainestyle
Kelsey Adams,N/A (Social DM),YouTube,Social DM,Yes,Yes,2026-10-02 11:21:26,DISPATCHED_SIMULATED,Direct Message,Queued for operator copy-paste to https://youtube.com/@kelseyadamshair
Zara Al-Hassan,N/A (Social DM),TikTok,Social DM,Yes,Yes,2026-10-02 11:21:26,DISPATCHED_SIMULATED,Direct Message,Queued for operator copy-paste to https://tiktok.com/@zaraskinsecrets
Julian Mercer,N/A (Social DM),Instagram,Social DM,Yes,Yes,2026-10-02 11:21:26,DISPATCHED_SIMULATED,Direct Message,Queued for operator copy-paste to https://instagram.com/julianmercer
Chloe Chen-Wu,N/A (Social DM),Instagram,Social DM,Yes,Yes,2026-10-02 11:21:26,DISPATCHED_SIMULATED,Direct Message,Queued for operator copy-paste to https://instagram.com/chloechenbeauty
Ruby Thorne,N/A (Social DM),YouTube,Social DM,Yes,Yes,2026-10-02 11:21:26,DISPATCHED_SIMULATED,Direct Message,Queued for operator copy-paste to https://youtube.com/@rubythornemakeup
Ben Carter,N/A (Social DM),TikTok,Social DM,Yes,Yes,2026-10-02 11:21:26,DISPATCHED_SIMULATED,Direct Message,Queued for operator copy-paste to https://tiktok.com/@bencarterstyle
Amina Diop,N/A (Social DM),Instagram,Social DM,Yes,Yes,2026-10-02 11:21:26,DISPATCHED_SIMULATED,Direct Message,Queued for operator copy-paste to https://instagram.com/aminadiopglow
Harper Quinn,N/A (Social DM),TikTok,Social DM,Yes,Yes,2026-10-02 11:21:26,DISPATCHED_SIMULATED,Direct Message,Queued for operator copy-paste to https://tiktok.com/@harperquinnstyle
Elijah Banks,N/A (Social DM),YouTube,Social DM,Yes,Yes,2026-10-02 11:21:26,DISPATCHED_SIMULATED,Direct Message,Queued for operator copy-paste to https://youtube.com/@elijahbanksskin
Nora Lindholm,N/A (Social DM),Instagram,Social DM,Yes,Yes,2026-10-02 11:21:26,DISPATCHED_SIMULATED,Direct Message,Queued for operator copy-paste to https://instagram.com/noralindholm
Zion Taylor,N/A (Social DM),Instagram,Social DM,Yes,Yes,2026-10-02 11:21:26,DISPATCHED_SIMULATED,Direct Message,Queued for operator copy-paste to https://instagram.com/ziontaylorglow
Isla MacLeod,N/A (Social DM),TikTok,Social DM,Yes,Yes,2026-10-02 11:21:26,DISPATCHED_SIMULATED,Direct Message,Queued for operator copy-paste to https://tiktok.com/@islascleanbeauty
Mateo Silva,N/A (Social DM),Instagram,Social DM,Yes,Yes,2026-10-02 11:21:26,DISPATCHED_SIMULATED,Direct Message,Queued for operator copy-paste to https://instagram.com/mateosilvastyle
Tessa Wright,N/A (Social DM),YouTube,Social DM,Yes,Yes,2026-10-02 11:21:26,DISPATCHED_SIMULATED,Direct Message,Queued for operator copy-paste to https://youtube.com/@tessawrightstyle
Samira Khan,N/A (Social DM),TikTok,Social DM,Yes,Yes,2026-10-02 11:21:26,DISPATCHED_SIMULATED,Direct Message,Queued for operator copy-paste to https://tiktok.com/@samiraskincorrect
Giselle Laurent,N/A (Social DM),Instagram,Social DM,Yes,Yes,2026-10-02 11:21:26,DISPATCHED_SIMULATED,Direct Message,Queued for operator copy-paste to https://instagram.com/gisellelaurent
Klaus Vane,N/A (Social DM),Instagram,Social DM,Yes,Yes,2026-10-02 11:21:26,DISPATCHED_SIMULATED,Direct Message,Queued for operator copy-paste to https://instagram.com/klaus.minimal
Danielle Green,N/A (Social DM),YouTube,Social DM,Yes,Yes,2026-10-02 11:21:26,DISPATCHED_SIMULATED,Direct Message,Queued for operator copy-paste to https://youtube.com/@daniellegreenhair
Zara Vance,N/A (Social DM),TikTok,Social DM,Yes,Yes,2026-10-02 11:21:26,DISPATCHED_SIMULATED,Direct Message,Queued for operator copy-paste to https://tiktok.com/@zaraglows
Aria Montgomery,N/A (Social DM),Instagram,Social DM,Yes,Yes,2026-10-02 11:21:26,DISPATCHED_SIMULATED,Direct Message,Queued for operator copy-paste to https://instagram.com/ariamontgstyle
Noah Sterling,N/A (Social DM),TikTok,Social DM,Yes,Yes,2026-10-02 11:21:26,DISPATCHED_SIMULATED,Direct Message,Queued for operator copy-paste to https://tiktok.com/@noahsterlingskin
Leila Kassam,N/A (Social DM),YouTube,Social DM,Yes,Yes,2026-10-02 11:21:26,DISPATCHED_SIMULATED,Direct Message,Queued for operator copy-paste to https://youtube.com/@leilaskinstories
Sienna Miller-Reid,N/A (Social DM),Instagram,Social DM,Yes,Yes,2026-10-02 11:21:26,DISPATCHED_SIMULATED,Direct Message,Queued for operator copy-paste to https://instagram.com/siennabeautyedit
Tariq Edwards,N/A (Social DM),TikTok,Social DM,Yes,Yes,2026-10-02 11:21:26,DISPATCHED_SIMULATED,Direct Message,Queued for operator copy-paste to https://tiktok.com/@tariqfits
Mia Lind,N/A (Social DM),Instagram,Social DM,Yes,Yes,2026-10-02 11:21:26,DISPATCHED_SIMULATED,Direct Message,Queued for operator copy-paste to https://instagram.com/mialindbeauty
Destiny Brooks,N/A (Social DM),Instagram,Social DM,Yes,Yes,2026-10-02 11:21:26,DISPATCHED_SIMULATED,Direct Message,Queued for operator copy-paste to https://instagram.com/curlsbydestiny
Yuki Tanaka,N/A (Social DM),TikTok,Social DM,Yes,Yes,2026-10-02 11:21:26,DISPATCHED_SIMULATED,Direct Message,Queued for operator copy-paste to https://tiktok.com/@yukiglowstokyo
Marcus Aurel,N/A (Social DM),Instagram,Social DM,Yes,Yes,2026-10-02 11:21:26,DISPATCHED_SIMULATED,Direct Message,Queued for operator copy-paste to https://instagram.com/marcusaurel_barber
Clara Dupont,N/A (Social DM),Instagram,Social DM,Yes,Yes,2026-10-02 11:21:26,DISPATCHED_SIMULATED,Direct Message,Queued for operator copy-paste to https://instagram.com/claradupont_paris
Becca Davies,N/A (Social DM),YouTube,Social DM,Yes,Yes,2026-10-02 11:21:26,DISPATCHED_SIMULATED,Direct Message,Queued for operator copy-paste to https://youtube.com/@beccasglowroom
Lucas Rossi,N/A (Social DM),TikTok,Social DM,Yes,Yes,2026-10-02 11:21:26,DISPATCHED_SIMULATED,Direct Message,Queued for operator copy-paste to https://tiktok.com/@lucasrossistyle
Amira Al-Mansoor,N/A (Social DM),Instagram,Social DM,Yes,Yes,2026-10-02 11:21:26,DISPATCHED_SIMULATED,Direct Message,Queued for operator copy-paste to https://instagram.com/amira_modestlooks
Taylor Morgan,N/A (Social DM),Instagram,Social DM,Yes,Yes,2026-10-02 11:21:26,DISPATCHED_SIMULATED,Direct Message,Queued for operator copy-paste to https://instagram.com/taylormorganglow
Kiran Patel,N/A (Social DM),TikTok,Social DM,Yes,Yes,2026-10-02 11:21:26,DISPATCHED_SIMULATED,Direct Message,Queued for operator copy-paste to https://tiktok.com/@kiranwellness
Freja Lindqvist,N/A (Social DM),Instagram,Social DM,Yes,Yes,2026-10-02 11:21:26,DISPATCHED_SIMULATED,Direct Message,Queued for operator copy-paste to https://instagram.com/frejalind_style
Jessica Chen,N/A (Social DM),YouTube,Social DM,Yes,Yes,2026-10-02 11:21:26,DISPATCHED_SIMULATED,Direct Message,Queued for operator copy-paste to https://youtube.com/@jessicachenglow
Oliver King,N/A (Social DM),TikTok,Social DM,Yes,Yes,2026-10-02 11:21:26,DISPATCHED_SIMULATED,Direct Message,Queued for operator copy-paste to https://tiktok.com/@oliverfits
Ananya Sen,N/A (Social DM),Instagram,Social DM,Yes,Yes,2026-10-02 11:21:26,DISPATCHED_SIMULATED,Direct Message,Queued for operator copy-paste to https://instagram.com/ananyamakeup_art
Zoe Kravitz-Fox,N/A (Social DM),TikTok,Social DM,Yes,Yes,2026-10-02 11:21:26,DISPATCHED_SIMULATED,Direct Message,Queued for operator copy-paste to https://tiktok.com/@zoeskinjournal
Camila Torres,N/A (Social DM),Instagram,Social DM,Yes,Yes,2026-10-02 11:21:26,DISPATCHED_SIMULATED,Direct Message,Queued for operator copy-paste to https://instagram.com/camilastyleinspo
Nadia Osei,N/A (Social DM),YouTube,Social DM,Yes,Yes,2026-10-02 11:21:26,DISPATCHED_SIMULATED,Direct Message,Queued for operator copy-paste to https://youtube.com/@nadiaskindiaries
Hannah Brooks,N/A (Social DM),Instagram,Social DM,Yes,Yes,2026-10-02 11:21:26,DISPATCHED_SIMULATED,Direct Message,Queued for operator copy-paste to https://instagram.com/hannahbstyle
Liam Bennett,N/A (Social DM),TikTok,Social DM,Yes,Yes,2026-10-02 11:21:26,DISPATCHED_SIMULATED,Direct Message,Queued for operator copy-paste to https://tiktok.com/@liamgroomed
Sofia Alvarez,N/A (Social DM),Instagram,Social DM,Yes,Yes,2026-10-02 11:21:26,DISPATCHED_SIMULATED,Direct Message,Queued for operator copy-paste to https://instagram.com/sofia.curates
Priya Sharma,N/A (Social DM),YouTube,Social DM,Yes,Yes,2026-10-02 11:21:26,DISPATCHED_SIMULATED,Direct Message,Queued for operator copy-paste to https://youtube.com/@priyabeautylab
Elena Rostova,N/A (Social DM),Instagram,Social DM,Yes,Yes,2026-10-02 11:21:26,DISPATCHED_SIMULATED,Direct Message,Queued for operator copy-paste to https://instagram.com/elenarostovastyle
Chloe Vance,N/A (Social DM),TikTok,Social DM,Yes,Yes,2026-10-02 11:21:26,DISPATCHED_SIMULATED,Direct Message,Queued for operator copy-paste to https://tiktok.com/@chloevancebeauty
Maya Lin,N/A (Social DM),Instagram,Social DM,Yes,Yes,2026-10-02 11:21:26,DISPATCHED_SIMULATED,Direct Message,Queued for operator copy-paste to https://instagram.com/mayaglows
Victoria Stone,partnerships@victoriastone.com,YouTube,Email,Yes,Yes,2026-10-02 11:21:26,SIMULATED_SUCCESS,Dedicated long-form video review & tutorial,Simulated delivery to partnerships@victoriastone.com (Sandbox mode)
Gabriel Santos,gabriel.collab@gmail.com,TikTok,Email,Yes,Yes,2026-10-02 11:21:26,SIMULATED_SUCCESS,UGC short-form video & product reaction,Simulated delivery to gabriel.collab@gmail.com (Sandbox mode)
Emma Watson-Cole,emma@colecreative.co.uk,Instagram,Email,Yes,Yes,2026-10-02 11:21:26,SIMULATED_SUCCESS,Brand ambassador & affiliate collaboration,Simulated delivery to emma@colecreative.co.uk (Sandbox mode)
Serena Joy,serenajoy.collabs@gmail.com,TikTok,Email,Yes,Yes,2026-10-02 11:21:26,SIMULATED_SUCCESS,UGC short-form video & product reaction,Simulated delivery to serenajoy.collabs@gmail.com (Sandbox mode)
Leo Fontaine,leo@fontaineparis.com,Instagram,Email,Yes,Yes,2026-10-02 11:21:26,SIMULATED_SUCCESS,Brand ambassador & affiliate collaboration,Simulated delivery to leo@fontaineparis.com (Sandbox mode)
Kelsey Adams,kelseyadams.partnerships@gmail.com,YouTube,Email,Yes,Yes,2026-10-02 11:21:26,SIMULATED_SUCCESS,Dedicated long-form video review & tutorial,Simulated delivery to kelseyadams.partnerships@gmail.com (Sandbox mode)
Zara Al-Hassan,contact@zaraskinsecrets.com,TikTok,Email,Yes,Yes,2026-10-02 11:21:26,SIMULATED_SUCCESS,UGC short-form video & product reaction,Simulated delivery to contact@zaraskinsecrets.com (Sandbox mode)
Julian Mercer,julian.mercer.collab@gmail.com,Instagram,Email,Yes,Yes,2026-10-02 11:21:26,SIMULATED_SUCCESS,Brand ambassador & affiliate collaboration,Simulated delivery to julian.mercer.collab@gmail.com (Sandbox mode)
Chloe Chen-Wu,Not Found,Instagram,Email,Yes,No,2026-10-02 11:21:26,SKIPPED: Invalid or missing email address (marked Not Found),Brand ambassador & affiliate collaboration,SKIPPED: Invalid or missing email address (marked Not Found)
Ruby Thorne,collabs@rubythorne.co.uk,YouTube,Email,Yes,Yes,2026-10-02 11:21:26,SIMULATED_SUCCESS,Dedicated long-form video review & tutorial,Simulated delivery to collabs@rubythorne.co.uk (Sandbox mode)
Ben Carter,bencarter.partnerships@gmail.com,TikTok,Email,Yes,Yes,2026-10-02 11:21:26,SIMULATED_SUCCESS,UGC short-form video & product reaction,Simulated delivery to bencarter.partnerships@gmail.com (Sandbox mode)
Amina Diop,amina@diopagency.com,Instagram,Email,Yes,Yes,2026-10-02 11:21:26,SIMULATED_SUCCESS,Brand ambassador & affiliate collaboration,Simulated delivery to amina@diopagency.com (Sandbox mode)
Harper Quinn,harper@quinncreative.com,TikTok,Email,Yes,Yes,2026-10-02 11:21:26,SIMULATED_SUCCESS,UGC short-form video & product reaction,Simulated delivery to harper@quinncreative.com (Sandbox mode)
Elijah Banks,elijahbanks.biz@gmail.com,YouTube,Email,Yes,Yes,2026-10-02 11:21:26,SIMULATED_SUCCESS,Dedicated long-form video review & tutorial,Simulated delivery to elijahbanks.biz@gmail.com (Sandbox mode)
Nora Lindholm,nora@lindholmpr.no,Instagram,Email,Yes,Yes,2026-10-02 11:21:26,SIMULATED_SUCCESS,Brand ambassador & affiliate collaboration,Simulated delivery to nora@lindholmpr.no (Sandbox mode)
Zion Taylor,ziontaylorglow@outlook.com,Instagram,Email,Yes,Yes,2026-10-02 11:21:26,SIMULATED_SUCCESS,Brand ambassador & affiliate collaboration,Simulated delivery to ziontaylorglow@outlook.com (Sandbox mode)
Isla MacLeod,isla.cleanbeauty@gmail.com,TikTok,Email,Yes,Yes,2026-10-02 11:21:26,SIMULATED_SUCCESS,UGC short-form video & product reaction,Simulated delivery to isla.cleanbeauty@gmail.com (Sandbox mode)
Mateo Silva,collabs@mateosilva.es,Instagram,Email,Yes,Yes,2026-10-02 11:21:26,SIMULATED_SUCCESS,Brand ambassador & affiliate collaboration,Simulated delivery to collabs@mateosilva.es (Sandbox mode)
Tessa Wright,tessa@tessawrightstyle.com,YouTube,Email,Yes,Yes,2026-10-02 11:21:26,SIMULATED_SUCCESS,Dedicated long-form video review & tutorial,Simulated delivery to tessa@tessawrightstyle.com (Sandbox mode)
Samira Khan,collabs.samirakhan@gmail.com,TikTok,Email,Yes,Yes,2026-10-02 11:21:26,SIMULATED_SUCCESS,UGC short-form video & product reaction,Simulated delivery to collabs.samirakhan@gmail.com (Sandbox mode)
Giselle Laurent,giselle.mgmt@laurentpr.fr,Instagram,Email,Yes,Yes,2026-10-02 11:21:26,SIMULATED_SUCCESS,Brand ambassador & affiliate collaboration,Simulated delivery to giselle.mgmt@laurentpr.fr (Sandbox mode)
Klaus Vane,klaus@vaneagency.de,Instagram,Email,Yes,Yes,2026-10-02 11:21:26,SIMULATED_SUCCESS,Styling haul & seasonal lookbook integration,Simulated delivery to klaus@vaneagency.de (Sandbox mode)
Danielle Green,danielle@daniellegreenhair.com,YouTube,Email,Yes,Yes,2026-10-02 11:21:26,SIMULATED_SUCCESS,Dedicated long-form video review & tutorial,Simulated delivery to danielle@daniellegreenhair.com (Sandbox mode)
Zara Vance,Not Found,TikTok,Email,Yes,No,2026-10-02 11:21:26,SKIPPED: Invalid or missing email address (marked Not Found),UGC short-form video & product reaction,SKIPPED: Invalid or missing email address (marked Not Found)
Aria Montgomery,aria@montgomerystyle.com,Instagram,Email,Yes,Yes,2026-10-02 11:21:26,SIMULATED_SUCCESS,Brand ambassador & affiliate collaboration,Simulated delivery to aria@montgomerystyle.com (Sandbox mode)
Noah Sterling,noahsterling.collabs@gmail.com,TikTok,Email,Yes,Yes,2026-10-02 11:21:26,SIMULATED_SUCCESS,UGC short-form video & product reaction,Simulated delivery to noahsterling.collabs@gmail.com (Sandbox mode)
Leila Kassam,leilakassam.collab@gmail.com,YouTube,Email,Yes,Yes,2026-10-02 11:21:26,SIMULATED_SUCCESS,Dedicated long-form video review & tutorial,Simulated delivery to leilakassam.collab@gmail.com (Sandbox mode)
Sienna Miller-Reid,sienna.edit@gmail.com,Instagram,Email,Yes,Yes,2026-10-02 11:21:26,SIMULATED_SUCCESS,Brand ambassador & affiliate collaboration,Simulated delivery to sienna.edit@gmail.com (Sandbox mode)
Tariq Edwards,tariq.mgmt@gmail.com,TikTok,Email,Yes,Yes,2026-10-02 11:21:26,SIMULATED_SUCCESS,UGC short-form video & product reaction,Simulated delivery to tariq.mgmt@gmail.com (Sandbox mode)
Mia Lind,Not Found,Instagram,Email,Yes,No,2026-10-02 11:21:26,SKIPPED: Invalid or missing email address (marked Not Found),Brand ambassador & affiliate collaboration,SKIPPED: Invalid or missing email address (marked Not Found)
Destiny Brooks,destiny@curlsbydestiny.com,Instagram,Email,Yes,Yes,2026-10-02 11:21:26,SIMULATED_SUCCESS,Brand ambassador & affiliate collaboration,Simulated delivery to destiny@curlsbydestiny.com (Sandbox mode)
Yuki Tanaka,yuki.creativetokyo@gmail.com,TikTok,Email,Yes,Yes,2026-10-02 11:21:26,SIMULATED_SUCCESS,UGC short-form video & product reaction,Simulated delivery to yuki.creativetokyo@gmail.com (Sandbox mode)
Marcus Aurel,collab@marcusaurel.com,Instagram,Email,Yes,Yes,2026-10-02 11:21:26,SIMULATED_SUCCESS,Brand ambassador & affiliate collaboration,Simulated delivery to collab@marcusaurel.com (Sandbox mode)
Clara Dupont,clara.dupont.contact@gmail.com,Instagram,Email,Yes,Yes,2026-10-02 11:21:26,SIMULATED_SUCCESS,Brand ambassador & affiliate collaboration,Simulated delivery to clara.dupont.contact@gmail.com (Sandbox mode)
Becca Davies,becca@beccasglowroom.co.uk,YouTube,Email,Yes,Yes,2026-10-02 11:21:26,SIMULATED_SUCCESS,Dedicated long-form video review & tutorial,Simulated delivery to becca@beccasglowroom.co.uk (Sandbox mode)
Lucas Rossi,lucas@rossistyle.it,TikTok,Email,Yes,Yes,2026-10-02 11:21:26,SIMULATED_SUCCESS,UGC short-form video & product reaction,Simulated delivery to lucas@rossistyle.it (Sandbox mode)
Amira Al-Mansoor,amira.collabs@outlook.com,Instagram,Email,Yes,Yes,2026-10-02 11:21:26,SIMULATED_SUCCESS,Styling haul & seasonal lookbook integration,Simulated delivery to amira.collabs@outlook.com (Sandbox mode)
Taylor Morgan,taylor@taylormorganglow.com,Instagram,Email,Yes,Yes,2026-10-02 11:21:26,SIMULATED_SUCCESS,30-day glow routine sponsorship & before/after,Simulated delivery to taylor@taylormorganglow.com (Sandbox mode)
Kiran Patel,kiranwellness@gmail.com,TikTok,Email,Yes,Yes,2026-10-02 11:21:26,SIMULATED_SUCCESS,UGC short-form video & product reaction,Simulated delivery to kiranwellness@gmail.com (Sandbox mode)
Freja Lindqvist,freja@lindqvistcreative.se,Instagram,Email,Yes,Yes,2026-10-02 11:21:26,SIMULATED_SUCCESS,Brand ambassador & affiliate collaboration,Simulated delivery to freja@lindqvistcreative.se (Sandbox mode)
Jessica Chen,jessica@glowcreators.com,YouTube,Email,Yes,Yes,2026-10-02 11:21:26,SIMULATED_SUCCESS,Dedicated long-form video review & tutorial,Simulated delivery to jessica@glowcreators.com (Sandbox mode)
Oliver King,oliverfits.collab@gmail.com,TikTok,Email,Yes,Yes,2026-10-02 11:21:26,SIMULATED_SUCCESS,UGC short-form video & product reaction,Simulated delivery to oliverfits.collab@gmail.com (Sandbox mode)
Ananya Sen,ananya.sen.mua@gmail.com,Instagram,Email,Yes,Yes,2026-10-02 11:21:26,SIMULATED_SUCCESS,Brand ambassador & affiliate collaboration,Simulated delivery to ananya.sen.mua@gmail.com (Sandbox mode)
Zoe Kravitz-Fox,zoe@skinjournaltalent.com,TikTok,Email,Yes,Yes,2026-10-02 11:21:26,SIMULATED_SUCCESS,UGC short-form video & product reaction,Simulated delivery to zoe@skinjournaltalent.com (Sandbox mode)
Camila Torres,camila.partnerships@gmail.com,Instagram,Email,Yes,Yes,2026-10-02 11:21:26,SIMULATED_SUCCESS,Styling haul & seasonal lookbook integration,Simulated delivery to camila.partnerships@gmail.com (Sandbox mode)
Nadia Osei,contact.nadiaosei@gmail.com,YouTube,Email,Yes,Yes,2026-10-02 11:21:26,SIMULATED_SUCCESS,Dedicated long-form video review & tutorial,Simulated delivery to contact.nadiaosei@gmail.com (Sandbox mode)
Hannah Brooks,hannahbrooksmgmt@gmail.com,Instagram,Email,Yes,Yes,2026-10-02 11:21:26,SIMULATED_SUCCESS,Styling haul & seasonal lookbook integration,Simulated delivery to hannahbrooksmgmt@gmail.com (Sandbox mode)
Liam Bennett,liam@groomedcreators.io,TikTok,Email,Yes,Yes,2026-10-02 11:21:26,SIMULATED_SUCCESS,UGC short-form video & product reaction,Simulated delivery to liam@groomedcreators.io (Sandbox mode)
Sofia Alvarez,sofia.alvarez.pr@gmail.com,Instagram,Email,Yes,Yes,2026-10-02 11:21:26,SIMULATED_SUCCESS,Brand ambassador & affiliate collaboration,Simulated delivery to sofia.alvarez.pr@gmail.com (Sandbox mode)
Priya Sharma,priya.collabs@outlook.com,YouTube,Email,Yes,Yes,2026-10-02 11:21:26,SIMULATED_SUCCESS,Dedicated long-form video review & tutorial,Simulated delivery to priya.collabs@outlook.com (Sandbox mode)
Elena Rostova,contact@elenastyle.co,Instagram,Email,Yes,Yes,2026-10-02 11:21:26,SIMULATED_SUCCESS,Styling haul & seasonal lookbook integration,Simulated delivery to contact@elenastyle.co (Sandbox mode)
Chloe Vance,chloevance.mgmt@gmail.com,TikTok,Email,Yes,Yes,2026-10-02 11:21:26,SIMULATED_SUCCESS,UGC short-form video & product reaction,Simulated delivery to chloevance.mgmt@gmail.com (Sandbox mode)
Maya Lin,partnerships.maya@gmail.com,Instagram,Email,Yes,Yes,2026-10-02 11:21:26,SIMULATED_SUCCESS,30-day glow routine sponsorship & before/after,Simulated delivery to partnerships.maya@gmail.com (Sandbox mode)
