Name,Platform,Followers,Engagement,Niche,Email,Profile URL,Content Theme,Status
Maya Lin,Instagram,28400,4.2%,Fashion & Beauty,partnerships.maya@gmail.com,https://instagram.com/mayaglows,"Glass Skin Routines, Korean Skincare, Morning GRWM",PASSED
Chloe Vance,TikTok,45200,5.8%,Fashion & Beauty,chloevance.mgmt@gmail.com,https://tiktok.com/@chloevancebeauty,"Acne-Safe Makeup, Drugstore Dupes, Texture Inclusivity",PASSED
Elena Rostova,Instagram,62100,3.7%,Fashion & Beauty,contact@elenastyle.co,https://instagram.com/elenarostovastyle,"Capsule Wardrobe, Neutral Aesthetics, Sustainable Chic",PASSED
Priya Sharma,YouTube,34800,4.9%,Fashion & Beauty,priya.collabs@outlook.com,https://youtube.com/@priyabeautylab,"Skincare Chemistry, Hyperpigmentation Care, Ingredient Deep Dives",PASSED
Sofia Alvarez,Instagram,18900,3.4%,Fashion & Beauty,sofia.alvarez.pr@gmail.com,https://instagram.com/sofia.curates,"Clean Girl Aesthetic, Dewy Makeup, Everyday Handbag Essentials",PASSED
Liam Bennett,TikTok,22400,4.1%,Fashion & Beauty,liam@groomedcreators.io,https://tiktok.com/@liamgroomed,"Men's Skincare, Hair Styling, Minimalist Grooming",PASSED
Hannah Brooks,Instagram,51300,3.9%,Fashion & Beauty,hannahbrooksmgmt@gmail.com,https://instagram.com/hannahbstyle,"Thrift Flips, Styling Hauls, Vintage Fashion",PASSED
Nadia Osei,YouTube,41200,5.1%,Fashion & Beauty,contact.nadiaosei@gmail.com,https://youtube.com/@nadiaskindiaries,"Melanin Rich Skincare, Hydration Routines, Sunscreen Reviews",PASSED
Camila Torres,Instagram,14200,4.6%,Fashion & Beauty,camila.partnerships@gmail.com,https://instagram.com/camilastyleinspo,"Petite Fashion, Workwear Looks, Neutral Staples",PASSED
Zoe Kravitz-Fox,TikTok,89000,3.2%,Fashion & Beauty,zoe@skinjournaltalent.com,https://tiktok.com/@zoeskinjournal,"Barrier Repair, Sensory Skincare, Night Routine",PASSED
Ananya Sen,Instagram,76500,2.8%,Fashion & Beauty,ananya.sen.mua@gmail.com,https://instagram.com/ananyamakeup_art,"Bridal Glam, Color Correction, Long-Wear Makeup",PASSED
Oliver King,TikTok,31500,4.7%,Fashion & Beauty,oliverfits.collab@gmail.com,https://tiktok.com/@oliverfits,"Streetwear, Sneaker Styling, Seasonal Color Palettes",PASSED
Jessica Chen,YouTube,58400,3.6%,Fashion & Beauty,jessica@glowcreators.com,https://youtube.com/@jessicachenglow,"Glass Skin, Double Cleansing, Morning Skincare Routine",PASSED
Freja Lindqvist,Instagram,27200,4.4%,Fashion & Beauty,freja@lindqvistcreative.se,https://instagram.com/frejalind_style,"Scandi Minimalism, Monochrome Outfits, Sustainable Fabrics",PASSED
Kiran Patel,TikTok,19500,5.2%,Fashion & Beauty,kiranwellness@gmail.com,https://tiktok.com/@kiranwellness,"Holistic Beauty, Ayurvedic Hair Oiling, Skin Nutrition",PASSED
Taylor Morgan,Instagram,8300,6.1%,Fashion & Beauty,taylor@taylormorganglow.com,https://instagram.com/taylormorganglow,"Clean Beauty, Cruelty-Free Skincare, Tinted Moisturizers",PASSED
Amira Al-Mansoor,Instagram,68400,3.8%,Fashion & Beauty,amira.collabs@outlook.com,https://instagram.com/amira_modestlooks,"Modest Fashion, Hijab Styling, Silk Scarf Trends",PASSED
Lucas Rossi,TikTok,16800,4.5%,Fashion & Beauty,lucas@rossistyle.it,https://tiktok.com/@lucasrossistyle,"Men's Fragrance, Italian Tailoring, Collar Styling",PASSED
Becca Davies,YouTube,49200,3.5%,Fashion & Beauty,becca@beccasglowroom.co.uk,https://youtube.com/@beccasglowroom,"Affordable Skincare, Ceramide Creams, Sensitive Skin",PASSED
Clara Dupont,Instagram,92400,2.9%,Fashion & Beauty,clara.dupont.contact@gmail.com,https://instagram.com/claradupont_paris,"French Girl Beauty, Red Lip Classics, Parisian Outfits",PASSED
Marcus Aurel,Instagram,24800,4.0%,Fashion & Beauty,collab@marcusaurel.com,https://instagram.com/marcusaurel_barber,"Beard Care, Fades & Texture, Men's Skin Prep",PASSED
Yuki Tanaka,TikTok,38100,5.4%,Fashion & Beauty,yuki.creativetokyo@gmail.com,https://tiktok.com/@yukiglowstokyo,"J-Beauty, Hydrating Lotions, SPF Wear-Tests",PASSED
Destiny Brooks,Instagram,54600,4.3%,Fashion & Beauty,destiny@curlsbydestiny.com,https://instagram.com/curlsbydestiny,"Curly Hair Routines, Diffuser Techniques, Scalp Care",PASSED
Mia Lind,Instagram,11800,4.8%,Fashion & Beauty,Not Found,https://instagram.com/mialindbeauty,"Lip Oil Reviews, Clean Glow, Soft Glam",PASSED
Tariq Edwards,TikTok,33900,3.8%,Fashion & Beauty,tariq.mgmt@gmail.com,https://tiktok.com/@tariqfits,"Minimalist Streetwear, Jewelry Styling, Outerwear",PASSED
Sienna Miller-Reid,Instagram,47600,3.3%,Fashion & Beauty,sienna.edit@gmail.com,https://instagram.com/siennabeautyedit,"Retinol Journey, Mature Skin Care, Glow Drops",PASSED
Leila Kassam,YouTube,21700,5.0%,Fashion & Beauty,leilakassam.collab@gmail.com,https://youtube.com/@leilaskinstories,"Acne Healing, Skin Positivity, Gentle Cleansers",PASSED
Noah Sterling,TikTok,67300,3.1%,Fashion & Beauty,noahsterling.collabs@gmail.com,https://tiktok.com/@noahsterlingskin,"Sunscreen Demos, Niacinamide, Men's Skin Routine",PASSED
Aria Montgomery,Instagram,29800,4.1%,Fashion & Beauty,aria@montgomerystyle.com,https://instagram.com/ariamontgstyle,"Workwear Chic, Blazer Outfits, Monochrome Styling",PASSED
Zara Vance,TikTok,15400,5.9%,Fashion & Beauty,Not Found,https://tiktok.com/@zaraglows,"Lip Combos, Blush Hacks, No-Foundation Makeup",PASSED
Danielle Green,YouTube,73200,3.7%,Fashion & Beauty,danielle@daniellegreenhair.com,https://youtube.com/@daniellegreenhair,"Hair Oil Massages, Bond Repair, Heatless Curls",PASSED
Klaus Vane,Instagram,39100,3.6%,Fashion & Beauty,klaus@vaneagency.de,https://instagram.com/klaus.minimal,"Minimalist Wardrobe, Archival Fashion, Chelsea Boots",PASSED
Giselle Laurent,Instagram,82400,2.7%,Fashion & Beauty,giselle.mgmt@laurentpr.fr,https://instagram.com/gisellelaurent,"Luxury Beauty, Perfume Layering, Silky Skin",PASSED
Samira Khan,TikTok,44100,4.6%,Fashion & Beauty,collabs.samirakhan@gmail.com,https://tiktok.com/@samiraskincorrect,"Dark Circles, Kojic Acid, Gentle Peels",PASSED
Tessa Wright,YouTube,61500,3.9%,Fashion & Beauty,tessa@tessawrightstyle.com,https://youtube.com/@tessawrightstyle,"Spring Lookbooks, Linen Essentials, Summer Dresses",PASSED
Mateo Silva,Instagram,18200,4.4%,Fashion & Beauty,collabs@mateosilva.es,https://instagram.com/mateosilvastyle,"Smart Casual, Sneaker Pairings, Men's Jackets",PASSED
Isla MacLeod,TikTok,26800,5.1%,Fashion & Beauty,isla.cleanbeauty@gmail.com,https://tiktok.com/@islascleanbeauty,"Clean Beauty, Mineral Sunscreen, Non-Comedogenic",PASSED
Zion Taylor,Instagram,35400,3.7%,Fashion & Beauty,ziontaylorglow@outlook.com,https://instagram.com/ziontaylorglow,"Ceramide Balms, Glass Lips, Gentle Retinol",PASSED
Nora Lindholm,Instagram,52100,3.2%,Fashion & Beauty,nora@lindholmpr.no,https://instagram.com/noralindholm,"Nordic Style, Knitwear Care, Monochrome Coats",PASSED
Elijah Banks,YouTube,48700,4.3%,Fashion & Beauty,elijahbanks.biz@gmail.com,https://youtube.com/@elijahbanksskin,"Salicylic Acid Cleansers, Oily Skin Prep, Mattifying Sunscreens",PASSED
Harper Quinn,TikTok,13900,6.3%,Fashion & Beauty,harper@quinncreative.com,https://tiktok.com/@harperquinnstyle,"Vintage Leather, Boho Chic, Summer Festival Fits",PASSED
Amina Diop,Instagram,42300,4.1%,Fashion & Beauty,amina@diopagency.com,https://instagram.com/aminadiopglow,"Melanin Skin Glow, Body Oils, Barrier Repair",PASSED
Ben Carter,TikTok,25100,4.0%,Fashion & Beauty,bencarter.partnerships@gmail.com,https://tiktok.com/@bencarterstyle,"Workwear Jackets, Loafer Styling, Seasonal Basics",PASSED
Ruby Thorne,YouTube,66200,3.4%,Fashion & Beauty,collabs@rubythorne.co.uk,https://youtube.com/@rubythornemakeup,"Gothic Glam, Vampy Lipsticks, Smokey Eyes",PASSED
Chloe Chen-Wu,Instagram,31400,4.5%,Fashion & Beauty,Not Found,https://instagram.com/chloechenbeauty,"Korean Sunscreens, Cica Creams, Morning Routines",PASSED
Julian Mercer,Instagram,59300,3.1%,Fashion & Beauty,julian.mercer.collab@gmail.com,https://instagram.com/julianmercer,"Old Money Aesthetic, Polo Shirts, Tailored Linen",PASSED
Zara Al-Hassan,TikTok,88400,3.8%,Fashion & Beauty,contact@zaraskinsecrets.com,https://tiktok.com/@zaraskinsecrets,"Hydrating Mists, Gua Sha Routine, Glow Serums",PASSED
Kelsey Adams,YouTube,37900,4.7%,Fashion & Beauty,kelseyadams.partnerships@gmail.com,https://youtube.com/@kelseyadamshair,"Silk Pillowcases, Split End Care, Blowout Tutorials",PASSED
Leo Fontaine,Instagram,17400,4.9%,Fashion & Beauty,leo@fontaineparis.com,https://instagram.com/leofontainestyle,"Parisian Menswear, Silk Scarves, Trench Coats",PASSED
Serena Joy,TikTok,41800,4.2%,Fashion & Beauty,serenajoy.collabs@gmail.com,https://tiktok.com/@serenaglowroutine,"Lip Peptides, Squalane Oils, Evening GRWM",PASSED
Emma Watson-Cole,Instagram,21300,3.7%,Fashion & Beauty,emma@colecreative.co.uk,https://instagram.com/emmacolebeauty,"Cruelty-Free Lashes, Dewy Cheek Tints, Everyday Routine",PASSED
Gabriel Santos,TikTok,48100,3.6%,Fashion & Beauty,gabriel.collab@gmail.com,https://tiktok.com/@gabrielsantosfits,"Oversized Fits, Cargo Pants, Chunky Loafers",PASSED
Victoria Stone,YouTube,55900,4.1%,Fashion & Beauty,partnerships@victoriastone.com,https://youtube.com/@victoriastoneglow,"Vitamin C Serums, Under-Eye Creams, Anti-Pollution Skincare",PASSED
Felix Thorne,Instagram,62000,2.1%,Crypto & Web3,felix@cryptoinvestor.xyz,https://instagram.com/felixthorne_crypto,"Bitcoin Trading, Altcoin Signals, NFT Drops",FAILED
Bella Thorne-Brooks,TikTok,3200,7.4%,Fashion & Beauty,bella.tiny@gmail.com,https://tiktok.com/@bellafashiontiny,"Thrifting Hauls, Y2K Baby Tees",FAILED
Cassandra Blake,Instagram,285000,1.4%,Fashion & Beauty,mgmt@cassandrablake.com,https://instagram.com/cassandrablake_mega,"Red Carpet Glam, Celebrity Hauls, Fashion Week Front Row",FAILED
Olivia Vance,Instagram,18500,0.8%,Fashion & Beauty,olivia.sleepy@gmail.com,https://instagram.com/oliviavance_sleepy,"Reposted Outfits, Giveaways, Aesthetic Photos",FAILED
TechGuru Sam,YouTube,48000,4.1%,Technology,sam@techgurus.io,https://youtube.com/@techgurusampc,"GPU Benchmarks, Custom Watercooling, Gaming Keyboards",FAILED
